,kpredictions,ids
0,26,Agua_de_Beber_1963_Version
1,56,Aguas_de_Marco_Waters_of_March
2,10,Babel
3,40,Baby_I_Love_Your_Way
4,55,Back_in_Black
5,10,Beast_Of_Burden
6,4,Beat_It
7,32,Behind_Blue_Eyes
8,52,Better_Together
9,3,Billie_Jean
10,41,Black_Or_White
11,44,Bold_As_Love
12,58,Boogie_On_Reggae_Woman
13,44,Born_In_The_U.S.A
14,27,Break_Free_feat_Zedd
15,25,Break_on_Through
16,11,Brick_House
17,1,Brown_Skin_Girl
18,42,Buffalo_Soldier
19,12,Call_Me_Maybe
20,6,Cant_Hold_Us_feat_Ray_Dalton
21,68,Coming_Home
22,69,Contact
23,0,Dancing_In_The_Dark
24,8,Dont_Worry_Be_Happy
25,38,Easy_Extended
26,30,Electric_Feel
27,6,Flowers
28,67,Forget_You
29,6,Get_Down_on_It
30,49,Get_Lucky
31,59,Get_Up_Offa_That_Thing_1991_Edit
32,20,Gimme_Shelter
33,3,Glory_Days
34,31,Got_to_Be_Real
35,51,Gravity
36,22,Hey_You
37,18,Ho_Hey
38,8,Holocene
39,43,I_Got_You_I_Feel_Good
40,21,I_Want_You_Back
41,29,I_Will_Wait
42,33,Is_This_Love
43,13,Jamming
44,22,Just_Friends_Sunny
45,9,Kids
46,48,Latch_feat_Sam_Smith
47,13,Lets_Groove
48,3,Levels_Original_Mix
49,17,Life_In_Technicolor
50,36,Light_My_Fire
51,1,Lisa_Sawyer
52,36,Little_Ghetto_Boy
53,16,London_Calling
54,16,Lonely_Boy
55,19,Love_On_Top
56,62,Lovers_Carvings
57,6,Mirrors
58,66,Money
59,13,Motherboard
60,15,Movin_Out_Anthonys_Song
61,2,My_Cherie_Amour
62,37,Needy_Girl
63,57,Ooh_La
64,53,Part-Time_Lover
65,4,Rather_Be_feat_Jess_Glynne
66,11,Rich_Girl
67,14,River
68,7,Rolling_in_the_Deep
69,50,Sara_Smile
70,28,Seaside
71,25,Shake_Your_Body_Down_To_The_Ground
72,16,Should_I_Stay_Or_Should_I_Go
73,24,Signed_Sealed_Delivered_Im_Yours
74,18,Sir_Duke
75,2,Sleepyhead
76,28,Slip_Slide
77,60,Slow_Dance
78,24,Smooth_Criminal
79,30,Smooth_Sailin
80,3,Sofa_Song
81,54,Someone_New
82,65,Starry_Eyed
83,7,Stayin_Alive
84,64,Stereo
85,23,Stir_It_Up_Original
86,14,Sunday_Candy
87,6,Sunday_Morning
88,34,That_Girl
89,61,The_Girl_from_Ipanema
90,5,Thrift_Shop_feat_Wanz
91,46,Thriller
92,39,Treasure
93,63,Use_Me
94,37,Viva_la_Vida
95,23,When_I_Was_Your_Man
96,13,When_We_Get_By
97,13,Wish_You_Were_Here
98,47,Yellow
99,35,You_Make_My_Dreams
100,45,You_Rock_My_World_With_Intro
